{"class":"MatrixProb","n":31,"m":31,"w":[[0.0,0.0002808725774740193,0.0012171145023874169,0.0004681209624566988,0.0002808725774740193,0.00037449676996535904,0.0016852354648441157,0.0010298661174047373,0.0018724838498267952,0.0048684580095496675,0.0021533564273008145,0.0008426177324220578,0.0014043628873700964,0.0005617451549480386,0.0005617451549480386,0.0021533564273008145,0.002340604812283494,0.0004681209624566988,0.0025278531972661735,0.0014043628873700964,0.0048684580095496675,0.005711075741971726,0.003557719314670911,0.0025278531972661735,0.0025278531972661735,0.0013107386948787566,0.0013107386948787566,0.0020597322348094747,0.0026214773897575133,0.0052429547795150265,0.0013107386948787566],[0.00037449676996535904,0.0,0.001591611272352776,0.005055706394532347,0.0037449676996535904,0.0005617451549480386,0.00393221608463627,9.362419249133976e-05,0.0013107386948787566,0.007209062821833162,0.0016852354648441157,0.0004681209624566988,0.001123490309896077,0.00037449676996535904,0.0005617451549480386,0.00037449676996535904,0.0008426177324220578,0.0005617451549480386,0.0020597322348094747,0.0026214773897575133,0.0020597322348094747,0.005711075741971726,0.0029959741597228723,0.0021533564273008145,0.00383859189214493,0.0008426177324220578,0.0006553693474393783,0.0013107386948787566,0.005523827356989046,0.003183222544705552,0.002340604812283494],[0.0004681209624566988,0.0007489935399307181,0.0,9.362419249133976e-05,0.0006553693474393783,0.0006553693474393783,0.00018724838498267952,0.00037449676996535904,0.0009362419249133976,0.00393221608463627,0.0005617451549480386,0.00018724838498267952,0.00018724838498267952,0.00018724838498267952,9.362419249133976e-05,9.362419249133976e-05,0.0007489935399307181,0.0,0.00018724838498267952,0.0007489935399307181,0.0010298661174047373,0.0032768467371968916,0.0007489935399307181,0.0006553693474393783,0.0002808725774740193,0.00018724838498267952,0.0002808725774740193,0.0002808725774740193,0.0010298661174047373,0.0014043628873700964,0.00018724838498267952],[0.0005617451549480386,0.007302687014324501,0.0002808725774740193,0.0,0.0,0.00018724838498267952,9.362419249133976e-05,9.362419249133976e-05,0.0009362419249133976,0.0029959741597228723,9.362419249133976e-05,0.0005617451549480386,0.0006553693474393783,9.362419249133976e-05,0.0004681209624566988,0.0005617451549480386,0.0012171145023874169,0.0007489935399307181,0.0005617451549480386,0.0008426177324220578,0.001591611272352776,0.005991948319445745,0.002340604812283494,0.0007489935399307181,0.0007489935399307181,0.0004681209624566988,0.0007489935399307181,0.0017788596573354554,0.0036513435071622506,0.004493961239584308,0.0008426177324220578],[0.00018724838498267952,0.0014043628873700964,0.00037449676996535904,0.0,0.0,0.00037449676996535904,0.00037449676996535904,0.00018724838498267952,0.00018724838498267952,0.0004681209624566988,0.00018724838498267952,0.0,0.0006553693474393783,0.00018724838498267952,0.0009362419249133976,0.0005617451549480386,0.0005617451549480386,9.362419249133976e-05,0.00037449676996535904,0.0007489935399307181,0.0013107386948787566,0.0013107386948787566,0.0005617451549480386,0.002246980619792154,0.001123490309896077,0.0,0.0005617451549480386,0.0010298661174047373,0.0028087257747401928,0.002340604812283494,0.0014043628873700964],[0.0002808725774740193,0.0006553693474393783,0.00037449676996535904,0.00037449676996535904,0.00037449676996535904,0.0,0.00037449676996535904,0.0,0.00037449676996535904,0.0007489935399307181,0.0002808725774740193,0.00037449676996535904,9.362419249133976e-05,0.00018724838498267952,0.00037449676996535904,0.0006553693474393783,0.0007489935399307181,9.362419249133976e-05,0.0002808725774740193,0.0005617451549480386,0.0029959741597228723,0.002340604812283494,0.0014979870798614361,0.00018724838498267952,0.0005617451549480386,0.0002808725774740193,0.0002808725774740193,0.0009362419249133976,0.0028087257747401928,0.0012171145023874169,0.0006553693474393783],[0.0006553693474393783,0.0014979870798614361,9.362419249133976e-05,0.0002808725774740193,0.0002808725774740193,9.362419249133976e-05,0.0,0.0,0.0014043628873700964,0.002246980619792154,0.00018724838498267952,9.362419249133976e-05,0.0,0.00018724838498267952,0.00018724838498267952,0.0002808725774740193,0.00037449676996535904,0.0,9.362419249133976e-05,0.0010298661174047373,0.0004681209624566988,0.0009362419249133976,0.0006553693474393783,0.0008426177324220578,0.0,9.362419249133976e-05,9.362419249133976e-05,0.00037449676996535904,0.002246980619792154,0.0012171145023874169,0.00018724838498267952],[0.0009362419249133976,0.001123490309896077,0.0006553693474393783,0.0010298661174047373,0.0005617451549480386,0.00018724838498267952,9.362419249133976e-05,0.0,0.0005617451549480386,0.006740941859376463,0.0014979870798614361,0.0016852354648441157,0.0008426177324220578,0.0,0.00037449676996535904,0.0,0.0002808725774740193,0.0,9.362419249133976e-05,9.362419249133976e-05,0.0007489935399307181,0.0,0.00037449676996535904,0.00018724838498267952,9.362419249133976e-05,0.0,0.0,0.0004681209624566988,0.0010298661174047373,0.001591611272352776,0.0002808725774740193],[0.0016852354648441157,0.0033704709296882313,0.0014043628873700964,0.0008426177324220578,0.0002808725774740193,0.0,0.0017788596573354554,0.0004681209624566988,0.0,0.00018724838498267952,0.00037449676996535904,0.00018724838498267952,0.00018724838498267952,0.00018724838498267952,0.0006553693474393783,0.00037449676996535904,0.0014979870798614361,9.362419249133976e-05,9.362419249133976e-05,0.001123490309896077,0.002340604812283494,0.0036513435071622506,0.002246980619792154,0.0014979870798614361,0.002715101582248853,9.362419249133976e-05,0.001123490309896077,0.0028087257747401928,0.003557719314670911,0.004493961239584308,0.0004681209624566988],[0.0036513435071622506,0.0037449676996535904,0.00421308866211029,0.003464095122179571,0.0006553693474393783,0.0002808725774740193,0.0028087257747401928,0.0036513435071622506,0.0,0.0,0.0004681209624566988,0.0007489935399307181,0.00037449676996535904,0.0017788596573354554,0.0009362419249133976,0.0020597322348094747,0.0014043628873700964,0.0007489935399307181,0.002246980619792154,0.0020597322348094747,0.005336578972006367,0.014792622413631683,0.0048684580095496675,0.003464095122179571,0.005898324126954405,0.0014979870798614361,0.00402584027712761,0.004119464469618949,0.007958056361763879,0.00393221608463627,0.0026214773897575133],[0.0013107386948787566,0.0013107386948787566,0.0005617451549480386,0.0006553693474393783,0.00018724838498267952,0.0,0.00018724838498267952,0.00037449676996535904,9.362419249133976e-05,9.362419249133976e-05,0.0,0.0,0.0,0.0010298661174047373,0.0002808725774740193,0.0,0.00018724838498267952,0.00018724838498267952,0.0,0.0009362419249133976,0.0005617451549480386,0.0014979870798614361,0.0013107386948787566,0.00037449676996535904,0.0008426177324220578,0.0002808725774740193,0.0010298661174047373,0.0012171145023874169,0.0014043628873700964,0.0005617451549480386,0.0004681209624566988],[0.0007489935399307181,0.0006553693474393783,0.0005617451549480386,0.0005617451549480386,0.0007489935399307181,9.362419249133976e-05,0.00018724838498267952,0.0004681209624566988,0.00037449676996535904,0.00037449676996535904,0.0,0.0,0.0,0.0004681209624566988,9.362419249133976e-05,9.362419249133976e-05,0.0008426177324220578,0.0002808725774740193,0.00018724838498267952,0.0002808725774740193,0.001123490309896077,0.0006553693474393783,0.0007489935399307181,0.0002808725774740193,0.0006553693474393783,0.00018724838498267952,0.0007489935399307181,0.0004681209624566988,0.0010298661174047373,0.0002808725774740193,0.00018724838498267952],[0.0008426177324220578,0.0004681209624566988,0.0005617451549480386,0.0008426177324220578,0.0008426177324220578,0.00018724838498267952,0.0004681209624566988,0.0002808725774740193,0.0002808725774740193,0.00037449676996535904,0.0,9.362419249133976e-05,0.0,0.0,0.00018724838498267952,0.00018724838498267952,0.0008426177324220578,9.362419249133976e-05,0.0008426177324220578,0.0004681209624566988,