{"class":"DirProdMixture","n":31,"m":31,"componentList":[{"class":"DirProdMixture::Component","n":31,"m":31,"u":[0.08148409893992933,0.053038869257950545,0.023392226148409898,0.04445229681978799,0.029787985865724387,0.022155477031802127,0.013851590106007072,0.03943462897526501,0.03332155477031803,0.08621908127208483,0.020812720848056538,0.01413427561837456,0.018197879858657246,0.026961130742049477,0.01858657243816255,0.01996466431095407,0.029399293286219087,0.01604240282685513,0.013038869257950534,0.015159010600706718,0.02681978798586573,0.07063604240282687,0.04943462897526504,0.018339222614840996,0.03321554770318023,0.007526501766784454,0.029752650176678455,0.03692579505300355,0.05045936395759719,0.045795053003533585,0.011660777385159011],"v":[0.04855123674911662,0.0541696113074205,0.021342756183745582,0.053215547703180224,0.03706713780918731,0.010777385159010602,0.016784452296819793,0.010070671378091872,0.039399293286219085,0.11681978798586574,0.02257950530035336,0.011660777385159011,0.019858657243816254,0.011908127208480569,0.015265017667844523,0.014098939929328624,0.024487632508833936,0.006395759717314488,0.013816254416961132,0.020035335689045943,0.03742049469964666,0.063886925795053,0.03950530035335691,0.02971731448763252,0.032438162544169626,0.006784452296819788,0.02081272084805654,0.04448763250883394,0.059010600706713816,0.07869257950530038,0.01893992932862192],"r":1.0}]}