{"class":"DirProdMixture","n":31,"m":31,"componentList":[{"class":"DirProdMixture::Component","n":31,"m":31,"u":[1.0658166428973154e-07,5.491158800761502e-08,0.01474106797309924,0.07463564968222319,0.030079187867496936,0.017547926667493226,0.010811337474880839,0.004893170754146684,0.06535745565284466,0.12363406856020563,0.028747265354161507,0.00803790065284768,0.017732059918329244,0.019497452162037902,0.020909229003781095,0.03944486909164639,0.0589054266509216,0.033591523519742116,0.03417721844636231,0.03624569999914462,0.06742449267997926,6.150646838523348e-08,0.03195594077730362,0.050134813477077905,0.015308294356392449,0.008527395053938963,0.0022962588815455083,0.008162330085457307,0.11417643181524144,0.0363694408108985,0.026655869631079417],"v":[0.12614286510037148,0.1319367373967525,0.030232231264473726,2.780446296747242e-07,0.017769986588520616,0.011208386535208541,0.01020517061977646,0.015208845275629903,2.354161535105376e-07,7.928340964396973e-08,4.5004592430997115e-07,0.012179545168480153,0.029665469500007303,0.016862840602394503,0.020056538084190088,0.003090234201043191,0.017537402356546286,0.0017495264997178426,4.2267921568066353e-07,8.36193390773791e-08,2.558661159801887e-07,0.17141002295206995,0.05540580295080327,5.915464984483794e-08,0.06384955692115135,0.010576154860267086,0.04916325275802846,0.09447490502580845,1.3759103289608668e-07,0.1112720432283115,4.804099767479171e-07],"r":0.21386058125646076},{"class":"DirProdMixture::Component","n":31,"m":31,"u":[0.1460248530598004,0.03368332850515926,0.0513342420308371,0.04019919030775405,0.015272434574444372,0.010268970511560034,0.019782295007781774,0.14391283510452718,0.0023891808700001937,3.0454445322372225e-08,0.0024280333396791568,7.373809702719085e-08,5.095056977483745e-08,0.0635107551928072,3.181214636498488e-07,0.01679840573710814,0.00883511158291167,0.02285644468973611,0.019839746902867196,0.014383554197442444,0.029046018830013502,0.0992020301802488,0.03894038031298636,0.012727748756386053,0.04599811074304404,0.010221954390021706,0.0644120141022115,0.04698620781415018,0.0322031321646626,6.05722438500171e-08,0.008742487255039127],"v":[9.95166302421213e-08,4.6302542272991984e-05,1.1364915694039592e-07,1.2053086844495867e-07,0.0018671080852789683,0.014626767569583664,5.862396440423338e-08,4.8963445394926485e-05,0.0872825512256815,0.431094641605567,0.08167842155995889,0.03645576663545154,0.05313146424155321,0.0032235069851538254,0.005077158804950231,2.236805601182766e-07,0.024897260192517638,4.880628540788894e-08,1.7206531482100587e-07,8.694208281208546e-07,0.0036113287955870234,0.0005274913920276039,0.010539041218943617,3.03400842060858e-06,1.265797212192283e-07,0.0031126633512316153,5.436224533772259e-08,0.02340102275960374,0.016289852992205124,0.20308370361307204,6.173996926384496e-08],"r":0.19535010084133966},{"class":"DirProdMixture::Component","n":31,"m":31,"u":[0.009734463845607642,8.833601151868194e-08,0.031175074027696124,0.16170759860318806,0.09315459952182772,0.019247440271034675,0.04121600841296981,0.029052814688929927,0.011710179739526554,3.2971916218133e-07,0.02040605221666429,0.018894396305695102,0.024600250441486383,0.0165587938816501,7.115195700106063e-07,0.0001989386346428603,8.66990432752805e-07,0.00810962972034734,0.005417275906516182,7.277631620055046e-07,0.0078805935395551,0.16784116869774737,0.07701783629985295,7.067406227702342e-08,0.0862251366531906,0.009157953674473607,0.023035636299629344,0.04851217844182292,8.930119974460408e-08,0.0863808989328459,0.0027621969394988387],"v":[8.348909459194643e-07,0.20328768545823905,2.521333377873221e-07,7.432150260472458e-08,1.25895235504272e-07,1.979937261840025e-07,9.19486557451179e-08,4.94667808032488e-07,0.022431237677132485,7.682990108495662e-07,1.5202359544081037e-07,2.064702747779786e-07,2.44481442392451e-07,0.01097099821380006,0.04901275709250482,0.04659767025332293,0.06257793593384858,0.016267177358234283,0.017968217557272605,0.06509275786522702,0.07488364635349933,3.946313190141708e-07,0.03833750378990233,0.09905633761597306,1.984139298213228e-07,7.132024340977535e-07,0.007636918156131632,0.022120891575831466,0.20266272932619422,0.018329106971358346,0.042761679428309496],"r":0.12762347217016518},{"class":"DirProdMixture::Component","n":31,"m":31,"u":[0.20585554747688573,0.12664671112581433,0.019062832389475738,2.418162116824288e-07,0.03376692927279782,0.05548914893200769,6.568282778432474e-07,8.655259123141213e-08,0.06919268329281866,0.2379347308053483,0.03999058240081391,0.023555165349447803,0.025177843139371756,0.008557413996125526,0.015265079873501765,0.004741665199209897,0.022114430915590098,0.0010813551083008232,8.878692457869278e-08,0.004820380932593126,2.376069167994326e-07,1.1088194913518679e-07,0.03026145450055893,5.9416125310836234e-08,1.1091050768775772e-07,9.687917730208276e-08,2.2256526118773932e-07,0.04851758308157876,1.299398991415292e-07,0.02796634139224301,7.863167408358421e-08],"v":[6.786079407142261e-08,4.802945163398456e-08,0.029431612636132323,0.03191714772244503,0.009635307097616475,7.662078493247348e-08,0.039600817153358794,0.02613145391108834,0.001938996117311795,3.4631661189967775e-08,0.007338189982712237,0.0076997457417526454,0.011404953446356727,0.024965617188970037,0.014842190480339702,0.027642018577063,0.03139421538128389,0.01129799081827848,0.03056992452232165,0.03721959909516384,0.08016067133175314,0.10797526107612712,0.06651090553161329,0.05850620300853456,0.054613958469154934,0.015581532237748516,0.03711423224087999,0.029515978967171185,0.1192714943143512,0.05128579329400546,0.036433962513774024],"r":0.2512233994417472},{"class":"DirProdMixture::Component","n":31,"m":31,"u":[5.4571521997323714e-08,0.0690856391913748,0.006812447471481673,2.867863564059032e-08,3.262923745736137e-08,1.3291352400239394e-07,0.011393230276924854,0.030984543699584807,6.076679506713928e-07,1.7873164530173167e-05,0.007264429472321084,0.019280240621049143,0.02331224268007051,0.02888260526181271,0.04850287947748187,0.033173105268741725,0.04491801443846776,0.014564596198853955,0.00548557096511517,0.01597874972986016,0.026990341711306043,0.14077589304108892,0.08286131503033996,0.02420929153370886,0.0469542151739226,0.011971096282338122,0.06482294712195337,0.03595970953079593,0.09318846238828168,0.09420962465372132,0.01840007915400305],"v":[0.10179226501926712,9.371598300352441e-07,0.03530823260874557,0.21325182204096388,0.14381954929609803,0.026058847954917093,0.021955480189900053,0.001149585139752341,0.08964089849124907,0.15384011816303372,0.022553194897242692,1.9210302233862282e-07,0.00127359333599395,1.0144445722464748e-07,6.203230058121637e-08,0.002579684425562083,9.657629374682642e-08,0.005224108640310596,0.01813270504590791,0.011216983008095194,0.03312134011769707,2.791795715740051e-07,0.018851895556250428,0.011213741867342133,0.02388810979195201,2.1261533455078693e-07,8.814434192516584e-08,0.04469859171324498,1.231158984824828e-07,1.0189103179862687e-07,0.020427058434391455],"r":0.21194244629028713}]}