{"class":"DirProdMixture","n":31,"m":31,"componentList":[{"class":"DirProdMixture::Component","n":31,"m":31,"u":[1.356691607805742e-07,6.554201346668171e-08,0.016895485463803088,0.08085062959803763,0.044472883152008494,0.021006537319644598,0.010843532253362214,0.0027926917020550646,0.07383815136705228,0.13248047596716256,0.02883770108510044,0.005016722664376039,0.015212564286097576,0.020583016310623797,0.016425278143690058,0.040982651633698346,0.055331270951408246,0.03487362038483293,0.03546174113090581,0.037753244219810134,0.06829870803604282,5.605678419155262e-08,0.02801514787175526,0.05091780809867802,0.013890081620842857,0.008075863809708619,1.83446826792286e-07,0.011081874443456518,0.11172874447663544,0.007856807096286082,0.026476326198140047],"v":[0.11507725708050591,0.1132834423809801,0.029329338318263582,1.5629211421693503e-07,0.013548731250637802,0.01072741876555642,0.013284884162440141,0.013879231761242224,1.2791320273252998e-07,1.0166923571786042e-07,0.005403115186558669,0.01374075549700961,0.03138650227243176,0.017885166938047852,0.02209689222892722,0.002605969745729854,0.019299151871321012,0.0008220093502759537,3.326389033586495e-07,7.538080801960107e-08,4.098158080996716e-07,0.1732667766123432,0.056711865987986894,5.4545691412636185e-08,0.06565059876779704,0.010230495923765088,0.048437239578360713,0.08667830386055259,1.6229463693517127e-07,0.13665313089063033,3.0101823538738796e-07],"r":0.2299312655188484},{"class":"DirProdMixture::Component","n":31,"m":31,"u":[0.15458476138795385,0.04306655274372161,0.05159232756172625,0.03635025761254328,0.01222874124480936,0.010445389041111745,0.019476974000315134,0.1441141359187424,0.0013312769776376028,3.079290207482482e-08,0.002375879769748314,8.406251762209726e-08,5.188461885722247e-08,0.06220964936329126,0.0005822397144694273,0.015017834667885753,0.00831867358930286,0.02187918655950278,0.01843121894483917,0.0133693192574836,0.027068802996498473,0.09979297472001536,0.04032910788252391,0.010942542666937753,0.04441543216585403,0.00956115346878079,0.06725741276786,0.04877528219130998,0.029162270085816698,6.136148821948642e-08,0.007320374597791826],"v":[7.209339899837256e-08,1.8245972141959154e-07,1.0676245691850156e-07,1.4419265041629367e-07,0.002617614371719933,0.013769107061139483,7.183765995644311e-08,0.0003931413349615859,0.08791595899494545,0.43122289233022787,0.08425064353151089,0.03612502204079509,0.051359023493477096,0.0037645162396942565,0.005926048571171398,3.721977929621284e-07,0.023722284575726046,4.952498222471039e-08,5.160626088127309e-07,0.0007219095744295267,6.938290297405525e-05,0.002755919102818977,0.012366774632627434,0.002831016616904652,1.4629038101149943e-07,0.0032816891330689174,6.164814987274284e-08,0.020263804045285255,0.02087862142156336,0.19576283654317791,7.041197827650665e-08],"r":0.1461968856351201},{"class":"DirProdMixture::Component","n":31,"m":31,"u":[0.01680349208367853,1.0315915176914762e-07,0.0342075830889105,0.16170121069158241,0.10636170421433151,0.026488970149703323,0.039323959781065565,0.023640562705102237,0.02799257379558565,5.773391607891771e-07,0.020692555071196366,0.018353380725081372,0.02450651644022948,0.01785901266340059,2.705172381189298e-07,0.004972881440194371,3.0719113281266757e-07,0.00856933782524492,0.004972345769201686,0.0016630746428319774,0.006743429046166488,0.15570905918487513,0.07204816779380369,6.836804042484067e-08,0.08069046151798369,0.008232436114815443,0.015044266874760022,0.05962916572929783,8.174180766683539e-08,0.06136524316057073,0.0024272011738546368],"v":[3.236359895076248e-07,0.17899765804974282,2.3167758157074354e-07,7.428408515182365e-08,1.3356264761992492e-07,1.8096989634212172e-07,1.5149886322031918e-07,2.351846820608751e-07,0.012719770710362042,0.0043694994064635674,3.978720847541181e-07,3.1844588849400794e-07,2.1066194208553845e-05,0.01081850519888104,0.05102294926208189,0.04763987778718513,0.0712123893507376,0.016068720747671204,0.01918079828130777,0.06566959708091963,0.08699845670081165,4.3081895581077587e-07,0.037003472548842856,0.09787050110337278,2.130982120463622e-07,3.730652899427171e-07,0.008518269238613032,0.0025199595783451916,0.21231132962965651,0.03344453396388303,0.043609581052737136],"r":0.13143347278742498},{"class":"DirProdMixture::Component","n":31,"m":31,"u":[0.20204386846916214,0.1326407383279443,0.016175067304463237,1.1349550320038814e-07,0.01910380041344183,0.051098222426630875,7.928031754726098e-07,1.457191228716004e-07,0.057235891631431654,0.24299133403718726,0.04148955095547248,0.025994841373119797,0.026675347669274502,0.0071034275509531805,0.017302148415985964,0.0006141257101077066,0.02425760515267599,1.68831333196295e-06,6.828498718416112e-08,0.0031242301372671785,2.2007558584944302e-07,1.4282430039661371e-07,0.03465000033721025,6.098415594285202e-08,1.431696639893827e-07,1.134727339051126e-07,0.002031422163104105,0.041339083344156084,5.50582068000953e-06,0.054120223772675564,7.584449535022458e-08],"v":[7.924669197643826e-08,4.883926686197703e-08,0.03120916812031918,0.03540679735590864,0.011950098904012541,7.80266342747809e-08,0.04111167593591706,0.028589126554102447,0.00217151630242858,3.4801114993384185e-08,0.004484175706432327,0.007188256211325791,0.009444192983250119,0.025163836348803835,0.01248966191360966,0.027595211100212267,0.027851639343983135,0.01186080602305574,0.0320565942856082,0.038276409427417335,0.07934904765487269,0.11406571010331557,0.06741171933236807,0.0593728734896255,0.05677867314218312,0.016630802055327014,0.04019546932966335,0.034035919391888415,0.11449942061302333,0.03244407591209117,0.0383668815455468],"r":0.2504514365373591},{"class":"DirProdMixture::Component","n":31,"m":31,"u":[4.323310541906754e-08,0.0545809701511144,0.006569213417877237,3.2344223539421276e-08,3.797915024835592e-08,1.2975756134262735e-07,0.012176501346980761,0.0332431645729831,0.0017334640472571375,5.062291479493455e-07,0.007470914862453373,0.01956028615505805,0.024010708922747773,0.028622269464441675,0.04788488859744333,0.03426284078685065,0.046110384582653874,0.015265505737590316,0.00652698874247828,0.016666721471681387,0.028937078227933247,0.1369338306154516,0.07973185040267895,0.02508863163594243,0.049785326555759,0.01290260329367011,0.06216052164400957,0.03263564083266903,0.09551847004768883,0.10200517840775603,0.01961529593364138],"v":[0.10925618826922641,0.034988194328824246,0.033994184787906216,0.19617304756738244,0.13567668012449424,0.02578979602706153,0.01792161998175569,0.0008839869115290392,0.08790530643804238,0.1391545688337793,0.016921319131715462,3.845450695283614e-07,0.004508646837241108,9.319235893407811e-08,6.385712565171234e-08,0.0034227388307502874,9.394768771133741e-08,0.0056942127997648955,0.015774505325197842,0.009733972027001802,0.030939594673661315,8.763173398448028e-07,0.018987290394568198,0.009885949957694434,0.022627455931141748,1.2969002524035177e-07,1.3137130277948215e-07,0.061917325391658416,1.0552826615119197e-07,8.579271802062275e-08,0.017841451187709342],"r":0.24198693952124742}]}