{
  "nPickUp": 31,
  "nDropOff": 31,
  "probSingular": [
    [

    ],
    [

    ],
    [

    ],
    [
      null,
      0.005670202891391558
    ],
    [

    ],
    [

    ],
    [

    ],
    [
      null,
      null,
      null,
      null,
      null,
      null,
      null,
      null,
      null,
      0.012773104017754593
    ],
    [

    ],
    [
      null,
      null,
      null,
      null,
      null,
      null,
      null,
      null,
      null,
      null,
      null,
      null,
      null,
      null,
      null,
      null,
      null,
      null,
      null,
      null,
      null,
      0.007507519210367379
    ],
    [

    ],
    [

    ],
    [

    ],
    [

    ],
    [

    ],
    [

    ],
    [

    ],
    [

    ],
    [

    ],
    [

    ],
    [

    ],
    [
      null,
      null,
      null,
      null,
      null,
      null,
      null,
      null,
      null,
      0.009782472666734354
    ],
    [

    ],
    [

    ],
    [

    ],
    [

    ],
    [
      null,
      null,
      null,
      null,
      null,
      null,
      null,
      null,
      null,
      0.006132694201471356
    ],
    [

    ],
    [

    ],
    [

    ],
    [

    ]
  ],
  "weightFactored": 0.9581340070122808,
  "sumDiagProb": 0.04288747942247539,
  "probPickUp": [
    0.08504457449957195,
    0.05535642078224522,
    0.024414357466919608,
    0.0404766907807911,
    0.031089582091560774,
    0.02312356817486193,
    0.014456840071046053,
    0.027826509405138644,
    0.034777551497439864,
    0.08215089067463663,
    0.021722139800627868,
    0.01475187762351638,
    0.018993042440277337,
    0.028139206566857502,
    0.019398719074924044,
    0.020837027143216887,
    0.030683905456914073,
    0.016743381102691093,
    0.01360860710769386,
    0.015821388751221317,
    0.02799168779062233,
    0.06351258726934268,
    0.05159469198824855,
    0.0191405612165125,
    0.03466691241526349,
    0.007855374834522474,
    0.024652038026351287,
    0.03853928029143656,
    0.052664203115953476,
    0.04779608350019308,
    0.012170299039401013
  ],
  "probDropOff": [
    0.05067269963677877,
    0.0506186066469586,
    0.022275335211509737,
    0.055540819252539175,
    0.03868679906767172,
    0.011248306687931245,
    0.0175178546779257,
    0.01051071280675542,
    0.04112085887555191,
    0.09198245386855972,
    0.023566124503567414,
    0.012170299039401014,
    0.020726388061040518,
    0.012428456897812551,
    0.01593202783339769,
    0.014714997929457591,
    0.02555762798274213,
    0.006675224624641163,
    0.014419960376987263,
    0.020910786531334474,
    0.03905559600825961,
    0.05884292402948075,
    0.04123149795772829,
    0.03101582270344319,
    0.0338555591459701,
    0.007080901259287863,
    0.02172213980062787,
    0.04643153482001782,
    0.061589089078180906,
    0.08213107866892745,
    0.01976751601551195
  ],
  "singularList": [
    [
      7,
      9,
      0.012773104017754593
    ],
    [
      21,
      9,
      0.009782472666734354
    ],
    [
      9,
      21,
      0.007507519210367379
    ],
    [
      26,
      9,
      0.006132694201471356
    ],
    [
      3,
      1,
      0.005670202891391558
    ]
  ]
}
